City,State,Jan,Feb,Mar,Apr,May,Jun,Jul,Aug,Sep,Oct,Nov,Dec,Ann,Latitude,Longitude
BIRMINGHAM,AL,43.8,47.7,55.2,62.5,70.6,77.7,81.1,80.7,74.7,64.1,54.4,46.1,63.2,33.520661,-86.80249
HUNTSVILLE,AL,41.5,45.7,53.5,61.8,70.3,77.7,80.6,80.1,73.7,62.8,52.7,43.9,62,34.730369,-86.586104
MOBILE,AL,50.2,53.5,59.8,66.4,73.8,79.8,82.1,82.1,78.5,69.2,60,52.6,67.3,30.695366,-88.039891
MONTGOMERY,AL,46.6,50.5,57.5,64.1,72.4,79,81.8,81.5,76.3,65.9,56.5,48.5,65.1,32.366805,-86.299969
ANCHORAGE,AK,17.1,20.2,26.6,36.8,47.8,55.2,58.8,56.7,48.6,34.8,22.2,19,37,61.218056,-149.900278
ANNETTE,AK,37,37.7,39.7,44.2,50.2,55.1,58.6,58.9,53.8,46.7,40,37.1,46.6,55.120929,-131.485512
BARROW,AK,-13.4,-14.2,-12.7,1.8,21.1,35.6,40.9,39,32.1,17.2,0.7,-7.8,11.7,71.290556,-156.788611
BETHEL,AK,6.6,11.1,15.2,26.9,41.9,52.5,56.1,53.5,45.6,30.3,17.4,10.4,30.6,60.792222,-161.755833
BETTLES,AK,-10,-5,4.4,23.3,44.4,58.5,59.7,52.5,40.6,18.9,-1,-5.7,23.4,66.918889,-151.516111
BIG DELTA,AK,-1,4.9,14.1,32.2,47.6,57.6,60.2,54.8,43.9,24.1,6.2,2.1,28.9,64.1525,-145.842222
COLD BAY,AK,28.2,29,30.1,34,40.3,46.3,50.9,52.1,48.1,40.4,34.5,31.1,38.8,55.204498,-162.718387
FAIRBANKS,AK,-7.9,-1.3,11.4,32.5,49.4,60.4,62.5,56.1,44.9,24.2,2.6,-4.1,27.6,64.837778,-147.716389
GULKANA,AK,-2.9,5.5,15.6,31.8,45.2,54.4,57.6,53.5,43.3,26.6,5.8,0.4,28.1,62.208634,-145.451482
HOMER,AK,24.8,26.2,29.9,37,44.5,50.6,54.6,53.9,48.1,38.1,29.5,27.1,38.7,59.6425,-151.548333
JUNEAU,AK,28.3,30.1,33.8,40.8,48.6,54.6,56.9,55.9,50,42.4,33.4,29.9,42.1,58.301944,-134.419722
KING SALMON,AK,16.2,18.8,24.1,33.7,44.2,51.5,55.5,54.6,47.6,33.5,22.9,18.6,35.1,58.688325,-156.661351
KODIAK,AK,30.5,30.8,32.8,37.6,44.3,49.7,54.5,55.2,49.4,40.5,33.9,31.2,40.9,57.79,-152.407222
KOTZEBUE,AK,-2.8,-0.8,1.1,13.3,31.9,45.7,54.6,51.7,42.3,24.3,9.1,2.3,22.7,66.898333,-162.596667
MCGRATH,AK,-6.5,1.4,11.6,29.7,46.7,57.4,60,54.6,44.6,25.1,5.5,-3.2,27.2,62.953204,-155.595992
NOME,AK,5.2,7.4,10.3,20.5,36.8,47.8,52.2,50.1,42.8,28.7,16.9,9.5,27.4,64.501111,-165.406389
ST. PAUL ISLAND,AK,25.1,24.4,24.8,29.2,36.2,42.4,47.2,48.8,45.3,38.6,33,28.9,35.3,57.186672,-170.257474
TALKEETNA,AK,14.2,18.1,24.9,35.9,47.8,57,60.1,56.7,47.5,33.2,19.5,16,35.9,62.320905,-150.106622
VALDEZ,AK,21.8,23.3,28.7,37,45.6,51.6,54.1,52.7,47.2,36.7,27.8,24.8,37.6,61.130833,-146.348333
YAKUTAT,AK,28.1,29.7,32,37.8,44.7,50.8,54.3,53.8,48.4,41,32.3,29.6,40.2,59.546988,-139.727281
FLAGSTAFF,AZ,29.9,32.1,37,43.3,51.6,59.9,66.1,64.2,57.4,46.8,36.7,29.6,46.2,35.198284,-111.651302
PHOENIX,AZ,56.4,59.7,65.2,72.7,82.1,90.8,94.8,93.6,88.4,76.7,64.1,55.4,75,33.448377,-112.074037
TUCSON,AZ,52.7,54.7,59.9,66.5,75.9,84.5,86.8,84.7,81.3,70.6,59.9,52.4,69.2,32.221743,-110.926479
WINSLOW,AZ,35.2,40.3,47,54.3,63.6,72.7,78.2,76,68.7,56.3,44,34.6,55.9,35.024187,-110.697357
YUMA,AZ,55.6,58.5,63.1,70.2,78.1,86.5,92.5,91.9,86.3,74.1,61.9,54.2,72.7,32.692651,-114.627692
FORT SMITH,AR,39.4,44.2,52.9,61.6,69.9,77.8,82.3,82.1,73.9,62.8,51.6,41.3,61.7,35.385924,-94.398547
LITTLE ROCK,AR,40.8,44.8,53.4,62.1,71.1,79.1,82.8,82.5,75,63.7,52.6,43,62.6,34.746481,-92.289595
NORTH LITTLE ROCK,AR,41.1,45.3,53.9,62.8,70.9,78.7,82.4,82,74.5,63.8,52.8,43.1,62.6,34.769536,-92.267094
BAKERSFIELD,CA,47.8,52.6,57.6,62.6,70.5,77.5,83.8,82.4,77,67.2,55.1,47.8,65.2,35.373292,-119.018712
BISHOP,CA,38.5,42.2,48.3,54.5,63.3,71.5,77.3,75,67.6,56.8,45.2,37.7,56.5,37.361424,-118.399664
EUREKA,CA,48.3,48.9,49.7,50.9,53.8,56.1,57.7,58.5,57,54.4,50.8,47.8,52.8,40.802071,-124.163673
FRESNO,CA,46.6,51.5,56.6,62,70.1,77.2,83,81.7,76.2,66.2,54.3,46.5,64.3,36.746842,-119.772587
LONG BEACH,CA,56.7,57.6,59.6,62.4,65.6,68.9,73.2,74.3,72.7,67.7,61.4,56.3,64.7,33.77005,-118.193739
LOS ANGELES,CA,56.7,57.1,58,60.1,62.7,65.5,68.8,69.6,68.9,65.9,61.1,56.6,62.6,34.052234,-118.243685
MOUNT SHASTA,CA,35.9,38.2,42.3,47.2,54.4,61.5,67.9,66.6,60.5,51.2,40.6,35.1,50.1,41.309875,-122.310567
REDDING,CA,44.9,47.1,51.1,55.5,63.4,71.6,78.8,77.1,72.4,61.9,50.4,43.4,59.8,40.58654,-122.391675
SACRAMENTO,CA,46.3,50.8,54.6,58.7,65.5,71.4,75.2,74.6,71.4,63.9,53.3,46.2,61,38.581572,-121.4944
SAN DIEGO,CA,57.1,57.9,59.4,61.7,64,66.4,70,71.6,70.6,66.7,61.3,56.5,63.6,32.715738,-117.161084
SAN FRANCISCO,CA,50.3,52.9,54.9,56.9,59.6,62.2,63.7,64.5,64.7,61.8,55.8,50.6,58.2,37.77493,-122.419416
SANTA BARBARA,CA,52.1,53.7,55.5,57.5,60.1,62.4,65.5,66,65,61.6,56.3,51.9,59,34.420831,-119.69819
SANTA MARIA,CA,51.5,52.8,54,55.6,58,60.5,63.2,63.7,63.2,60.9,55.8,51.2,57.5,34.953034,-120.435719
STOCKTON,CA,45.8,50.4,54.6,59.3,66.3,72.4,76.7,75.7,72.2,63.8,53,45.6,61.3,37.957702,-121.29078
ALAMOSA,CO,16.3,22.8,33.5,41.8,51.2,59.6,64.6,62.7,55,43.1,29.5,17.9,41.5,37.469449,-105.870021
COLORADO SPRINGS,CO,30.5,32.1,39.1,46.5,55.9,65.1,70.9,68.7,60.9,49.4,38.1,29.8,48.9,38.833882,-104.821363
DENVER,CO,30.7,32.5,40.4,47.4,57.1,67.4,74.2,72.5,63.4,50.9,38.3,30,50.4,39.739236,-104.990251
GRAND JUNCTION,CO,27.4,34.5,43.9,51.7,61.6,72,78.2,75.5,66.1,53,39,28.5,52.6,39.063871,-108.550649
PUEBLO,CO,30.5,33.9,42.3,50.6,60.4,70,75.8,73.4,64.7,51.8,39.3,30.1,51.9,38.254447,-104.609141
BRIDGEPORT,CT,30.1,32.4,39.3,49.3,59.1,68.7,74.3,73.3,66.2,54.9,45.5,35.4,52.4,41.186548,-73.195177
HARTFORD,CT,27.1,30.5,38.2,49.6,59.6,68.8,74.1,72.6,64.4,52.4,43.4,32.5,51.1,41.763711,-72.685093
WILMINGTON,DE,32.4,35.1,43,53.3,62.8,72.2,76.8,75.2,67.8,56.2,46.6,36.7,54.8,39.739072,-75.539788
WASHINGTON,DC,33.2,36.2,44.2,54.4,63.2,72.4,76.7,75.4,67.9,56,46.4,36.6,55.2,38.907192,-77.036871
APALACHICOLA,FL,52.4,55.3,60.4,66.5,74.3,80.2,82.1,81.7,79,70.7,62,55.1,68.3,29.725768,-84.983244
DAYTONA BEACH,FL,57.9,60.4,64.3,68.9,75,79.9,81.6,81.5,79.5,74,66.6,60.5,70.8,29.210815,-81.022833
FORT MYERS,FL,64.2,66.6,69.9,73.8,79,82.5,83.2,83.4,82.4,77.9,71.7,66.5,75.1,26.640628,-81.872308
GAINESVILLE,FL,54.3,57.5,62.3,67.6,74.7,79.7,81.2,80.9,78.2,70.9,62.8,56.1,68.9,29.651634,-82.324826
JACKSONVILLE,FL,53.1,56.4,61.7,67,74.1,79.9,82.3,81.8,78.2,70.4,62.2,55.2,68.5,30.332184,-81.655651
KEY WEST,FL,69.4,71.3,73.7,76.6,80.4,83.5,84.6,84.6,83.6,80.6,76.1,71.9,78,24.555059,-81.779987
MIAMI,FL,68.2,70.2,72.6,75.8,79.9,82.7,84.1,84.2,82.9,79.9,74.9,70.5,77.2,25.76168,-80.19179
ORLANDO,FL,60.2,63.2,67.3,71.9,77.8,81.9,83.7,83.6,81.6,75.9,68.9,63,73.3,28.538336,-81.379236
PENSACOLA,FL,51.1,54.3,59.4,65.7,73.7,79.6,81.8,81.6,78,69.1,60.7,53.7,67.4,30.421309,-87.216915
TALLAHASSEE,FL,51.2,54.7,60.4,66.1,74.3,80.2,82,81.8,78.2,69.4,60.2,53.2,67.6,30.438256,-84.280733
TAMPA,FL,60.8,63.4,67.3,72,78.4,82.2,83,83.2,81.7,76.2,69.1,63.1,73.4,27.950575,-82.457178
VERO BEACH,FL,62.1,64.3,67.4,70.9,76.2,80.2,81.7,81.7,80.6,76.5,70.2,64.6,73,27.638643,-80.397274
WEST PALM BEACH,FL,65.7,67.8,70.5,73.8,78.4,81.4,82.7,83,81.8,78.3,72.8,68.1,75.4,26.715342,-80.053375
ATHENS,GA,43.5,47.2,54.3,61.7,70,77.5,80.6,79.6,73.3,63,53.8,45.4,62.5,33.951935,-83.357567
ATLANTA,GA,43.3,47.2,54.3,62,70.1,77.3,80.2,79.4,73.5,63.3,54,45.3,62.5,33.748995,-84.387982
AUGUSTA,GA,46.8,50.6,57.6,64.3,72.9,79.4,82.1,80.8,75.6,66,57.1,48.9,65.2,33.473498,-82.010515
COLUMBUS,GA,47.2,51.1,57.8,64.6,73,79.8,82.5,81.9,76.6,66.5,57.3,49.1,65.6,32.460976,-84.987709
MACON,GA,46.3,50,56.8,63.4,71.9,78.9,81.8,80.9,75,64.9,55.9,48,64.5,32.840695,-83.632402
SAVANNAH,GA,49.5,53,59.2,65.6,73.3,79.8,82.6,81.5,76.9,67.9,59.3,51.7,66.7,32.083541,-81.099834
HILO,HI,68,67.7,69,69.3,70.4,71.6,72.8,73,72.8,72.3,71.1,69.8,70.7,19.707094,-155.088487
HONOLULU,HI,73.2,73.1,74.5,76.1,77.8,80.2,81.2,81.9,81.5,80,77.6,74.8,77.7,21.306944,-157.858333
KAHULUI,HI,72,71.8,72.9,74,75.8,78,79.1,79.7,79.2,78.2,76,73.3,75.8,20.889335,-156.472947
LIHUE,HI,71.7,71.6,72.7,74,75.8,78.1,79.1,79.7,79.4,78.1,75.8,73.2,75.8,21.981111,-159.371111
BOISE,ID,31.3,36.5,44.5,50.8,59.1,67.5,75.8,74.7,64.9,52.8,40,30.7,52.4,43.61871,-116.214607
LEWISTON,ID,35.6,38.7,45.3,51.3,59,66,74.4,74,64.6,51.8,41.1,33.7,53,46.400409,-117.001189
POCATELLO,ID,24.3,28.4,38,45.6,53.8,62.1,69.9,68.9,59,47,34.3,24.5,46.3,42.871303,-112.445534
CHICAGO,IL,23.8,27.7,37.9,48.9,59.1,68.9,74,72.4,64.6,52.5,40.3,27.7,49.8,41.878114,-87.629798
MOLINE,IL,22.6,27,39.1,51.4,61.8,71.5,75.4,73.5,65.4,53.2,40,26.6,50.6,41.5067,-90.515134
PEORIA,IL,24.9,29.5,40.6,52.3,62.4,71.8,75.5,73.8,66.1,54,41.6,28.6,51.8,40.693649,-89.588986
ROCKFORD,IL,21.5,25.9,37.2,49.4,60.1,69.8,73.8,71.9,63.9,51.7,38.9,25.4,49.1,42.271131,-89.093995
SPRINGFIELD,IL,26.7,31.2,42.1,53.5,63.7,72.5,75.8,74.2,66.8,55.1,43.1,30.4,52.9,39.781721,-89.650148
EVANSVILLE,IN,32.5,36.6,46,56.1,65.7,74.8,78,76.7,69.1,57.6,46.4,35.6,56.3,37.971559,-87.57109
FORT WAYNE,IN,24.9,28.3,38.4,50,60.4,70.1,73.6,71.5,64.3,52.6,41.4,29.1,50.4,41.079273,-85.139351
INDIANAPOLIS,IN,28.1,32,42.4,53.1,62.8,72.3,75.2,74.1,67.1,54.8,44,31.7,53.1,39.768403,-86.158068
SOUTH BEND,IN,24.4,27.8,37.5,49,59.3,69.1,73,71.3,63.9,52.1,40.7,28.8,49.7,41.676355,-86.25199
DES MOINES,IA,20.7,25.3,37.5,49.7,60.6,69.7,74.1,72,63.6,51.5,37.5,24.6,48.9,41.600545,-93.609106
DUBUQUE,IA,19,23.7,35.4,48.2,58.8,68.3,72,70,62,50,36.7,22.8,47.2,42.500558,-90.664572
SIOUX CITY,IA,20.4,25.1,36.5,49.6,60.8,70.3,74.3,72.1,63.4,50.7,35.8,22.6,48.5,42.499994,-96.400307
WATERLOO,IA,18.5,23.4,35.8,48.9,60.5,70,73.6,71.2,63,50.3,36.3,22.2,47.8,42.492786,-92.342577
CONCORDIA,KS,28.6,32.7,43,53.1,63.1,73.4,79.1,77.1,68,55.4,41.6,30,53.8,39.570835,-97.66254
DODGE CITY,KS,32.2,35.9,44.4,53.9,64.2,73.9,79.6,78.1,69.2,56.6,43.1,32.8,55.3,37.752798,-100.017079
GOODLAND,KS,29.6,32.3,40.5,49.2,59.4,69.7,75.7,73.7,64.6,51.9,39,29.9,51.3,39.350833,-101.710172
TOPEKA,KS,29.7,34.4,44.8,55.1,65,74.2,79,77.4,68.3,56.6,43.8,32,55,39.055824,-95.689018
WICHITA,KS,32.2,36.8,46.1,56.1,65.2,75,80.2,79.3,70.4,58.2,45.1,33.9,56.5,37.687176,-97.330053
CINCINNATI,OH,31.2,34.8,43.6,54,63.2,71.8,75.7,74.5,67.1,55.5,44.9,34.6,54.2,39.103118,-84.51202
JACKSON,KY,34.9,38.8,47.4,57.4,64.6,72,75.4,74.5,68.1,58.1,48.4,38.1,56.5,37.553146,-83.383513
LEXINGTON,KY,32.9,36.9,45.5,55.3,64.2,72.7,76.2,75.3,68.1,57,46.3,36,55.5,38.040584,-84.503716
LOUISVILLE,KY,34.5,38.1,47,57.1,66.3,75.1,77.8,77.5,69.6,58.2,47.5,37.2,57.2,38.252665,-85.758456
PADUCAH,KY,34.6,39.2,48.3,58,67.2,75.6,78.9,77.5,69.9,58.8,48.1,37.5,57.8,37.083389,-88.600048
BATON ROUGE,LA,51.7,55.1,61.5,68.1,75.7,81.1,83,82.9,78.6,69.3,60.4,53.4,68.4,30.458283,-91.14032
LAKE CHARLES,LA,51.8,55,61.4,68.1,75.6,81,82.9,83,78.6,70.1,61.1,53.8,68.5,30.226595,-93.217376
NEW ORLEANS,LA,53.4,56.7,62.6,69.1,76.7,81.5,83.3,83.3,79.7,71.3,62.7,55.6,69.7,29.951066,-90.071532
SHREVEPORT,LA,46.4,50.3,57.4,64.7,73.4,80,83,83.2,76.3,66,56.3,47.9,65.4,32.525152,-93.750179
CARIBOU,ME,10.2,14.1,24.5,38.6,51.5,60.7,65.6,63.6,55,43.3,31.5,18.2,39.7,46.864,-67.998037
PORTLAND,ME,22.3,25.5,33.5,44,53.9,63.4,69.1,68,60.1,48.8,39.4,28.8,46.4,43.661471,-70.255326
BALTIMORE,MD,32.9,35.8,43.6,53.7,62.9,72.4,77,75.1,67.8,56.1,46.5,36.7,55,39.290385,-76.612189
BLUE HILL,MA,25.5,27.9,35.5,46.7,57.1,66.1,71.9,70.5,63.1,51.6,41.7,31.3,49.1,42.213997,-71.09368
BOSTON,MA,29,31.7,38.3,48.1,57.9,67.7,73.4,72.1,64.9,54,44.7,34.7,51.4,42.360083,-71.05888
WORCESTER,MA,24.1,27,34.7,46,56.3,65,70.2,68.8,61.2,50,40.3,29.4,47.8,42.262593,-71.802293
ALPENA,MI,19.1,20.3,28.7,41.6,52.5,62.1,67.4,65.4,57.7,46.2,35.7,25,43.5,45.061679,-83.432753
DETROIT,MI,25.8,28.2,36.6,48.5,59.4,69.3,73.9,72.2,64.6,52.5,41.6,30.3,50.2,42.331427,-83.045754
FLINT,MI,22.4,24.8,34.1,46.4,56.9,66.5,70.5,68.8,61.1,49.5,38.9,27.4,47.3,43.012527,-83.687456
GRAND RAPIDS,MI,24.4,26.8,35.6,48,58.7,68.4,72.5,70.8,62.8,51,40.1,29.2,49,42.96336,-85.668086
HOUGHTON LAKE,MI,18.1,20,29.1,42.6,53.9,62.9,67.1,65,57.2,45.8,34.9,23.9,43.4,44.314739,-84.76475
LANSING,MI,23.4,25.9,35.1,47.4,57.7,67.6,71.5,69.8,61.9,50.3,39.6,28.3,48.2,42.732535,-84.555535
MARQUETTE,MI,18.8,20.7,29,40.1,51,59.9,66.6,66.6,59.4,47.3,34.8,23.5,43.1,46.547583,-87.395595
MUSKEGON,MI,25.4,27.1,35,46.6,56.9,66.3,71.1,69.9,62.1,50.7,40.2,30.2,48.5,43.234181,-86.248392
SAULT STE. MARIE,MI,15.3,17.6,26.3,40.2,51.8,60,65.3,64.6,57.1,45.6,34.1,22.2,41.7,46.4953,-84.345317
DULUTH,MN,10.2,15.1,25.9,39.6,51.4,60.1,65.8,64.3,55.6,43.2,28.8,14.8,39.6,46.786672,-92.100485
INTERNATIONAL FALLS,MN,4.4,10.3,23.6,39.3,51.8,60.8,65.2,63.3,53.6,41.1,25.5,9.7,37.4,48.602315,-93.404068
MINNEAPOLIS,MN,15.6,20.8,32.8,47.5,59.1,68.8,73.8,71.2,62,48.9,33.7,19.7,46.2,44.977753,-93.265011
ROCHESTER,MN,15.7,20.3,32.4,46.7,58.1,67.6,71.4,69.1,60.9,48.4,33.8,19.7,45.3,44.012122,-92.480199
SAINT CLOUD,MN,11.6,17,29.4,44.5,56.5,65.6,70.3,67.8,58.6,45.7,30.4,15.9,42.8,45.557945,-94.16324
JACKSON,MS,46.6,50.6,57.6,64.9,72.9,79.3,81.9,81.7,76.3,66.2,56.3,48.7,65.3,32.298757,-90.18481
MERIDIAN,MS,44.8,48.7,55.6,62.7,70.8,77.6,80.6,80.3,74.8,64.1,54.7,47.2,63.5,32.36431,-88.703656
TUPELO,MS,41.7,45.9,54,62.1,70.7,78.1,81.4,80.8,74.1,63,52.9,44.1,62.4,34.257607,-88.703386
COLUMBIA,MO,29.7,34.4,44.6,55,64,72.9,77.3,76.2,67.6,56,44.4,32.4,54.5,38.951705,-92.334072
KANSAS CITY,MO,31,35.5,46,56.6,66.5,75.8,81,79.4,70.2,58.3,45.4,33.7,56.6,39.099727,-94.578567
ST. LOUIS,MO,31.8,36.3,46.3,57.3,66.8,75.9,80,78.6,70.4,58.7,46.8,34.7,57,38.627003,-90.199404
SPRINGFIELD,MO,32.6,37.2,46.3,55.8,64.8,73.4,78.2,77.8,69,57.8,46.1,35,56.2,37.208957,-93.292299
BILLINGS,MT,27.1,30.4,37.7,46.2,55.6,64.7,72.8,71.5,60.3,48.2,35.8,26.5,48.1,45.783286,-108.50069
GLASGOW,MT,13.8,19.2,31.7,44.9,55.1,64,71.1,70.2,58.2,44.7,29.3,16.3,43.2,48.196964,-106.636713
GREAT FALLS,MT,25.2,27.3,34.2,43.1,51.7,59.7,67.4,66.3,56.1,45.2,33.4,24.8,44.5,47.494184,-111.283345
HAVRE,TX,18,22.2,32.8,44.4,54,62.2,69.2,68,56.5,44.3,30.2,19.1,43.4,30.267399,-97.795411
HELENA,MT,23.1,27.7,36.3,44.9,54,62.1,70,68.3,57.8,45.6,32.5,21.8,45.3,46.588371,-112.024505
KALISPELL,MT,23.8,27.1,35.4,43.6,51.8,58.3,64.7,63.9,54.2,42.1,31.8,22.7,43.3,48.191989,-114.316813
MISSOULA,MT,25.8,30,38.8,45.7,53.5,60.9,68.6,67.5,57.4,45.1,33.2,23.9,45.9,46.878718,-113.996586
GRAND ISLAND,NE,25.1,29.1,39.4,50.6,61.2,71.3,76.2,74,65.1,52.2,38.1,26.7,50.8,40.926396,-98.342012
LINCOLN,NE,24.7,28.8,39.6,50.8,61.6,71.1,76.1,74.1,65.7,52.9,38.9,27,50.9,40.825763,-96.685198
NORFOLK,NE,22.6,26.8,37.4,49.6,60.5,70.2,75,72.8,63.8,51,36.4,24.3,49.2,42.032723,-97.413755
NORTH PLATTE,NE,25,29,38,47.6,57.9,67.9,74.3,72.1,62.3,49.1,35.6,25.4,48.7,41.140276,-100.760145
OMAHA,NE,22.4,26.5,37.9,50,60.9,70.2,74.9,72.7,64.2,52.1,37.8,24.7,49.5,41.252363,-95.997988
SCOTTSBLUFF,NE,27.2,30.4,38.2,46.7,57.3,67.2,74.1,71.9,61.7,48.5,35.8,26.1,48.8,41.866634,-103.667166
VALENTINE,NE,23.6,27.2,36.2,46.7,57.6,67.5,74.5,72.8,62.3,48.5,34.4,23.8,47.9,42.872783,-100.550967
ELKO,NV,25.1,29.9,38.9,45.2,53.4,62.2,70.2,68.2,58.8,46.6,34.7,26,46.6,40.832421,-115.763123
ELY,NV,25.3,29,36.3,42.5,50.7,60,67.8,66.1,56.8,45.3,33.7,25.3,44.9,39.247439,-114.88863
LAS VEGAS,NV,48,52.4,58.8,66.4,76,85.1,91.3,89.2,81.1,68.6,56.3,46.7,68.3,36.169941,-115.13983
RENO,NV,35.6,39.9,45.7,50.9,59.5,67.7,74.9,73.2,65.2,54,42.7,35.3,53.7,39.529633,-119.813803
WINNEMUCCA,NV,30.1,35.2,41.1,46.6,55.1,64.2,72.5,70,60.3,48.2,36.9,29.4,49.1,40.972958,-117.735685
CONCORD,NH,20.6,24.3,33.1,45.1,55.8,64.9,70,68.5,60,48.2,38.3,26.8,46.3,43.208137,-71.537572
MT. WASHINGTON,NH,4.7,6.1,12.8,23.9,35.5,45,49.1,48.1,41.6,30.2,20.7,10.1,27.3,44.270585,-71.303272
ATLANTIC CITY,NJ,33,35.3,42.2,51.7,61.1,70.9,76.2,74.4,67.2,56.1,46.8,37.2,54.3,39.364283,-74.422927
NEWARK,NJ,31.6,34.6,42.1,52.8,62.7,72.4,77.4,75.8,68.2,56.6,46.8,36.5,54.8,40.735657,-74.172367
ALBUQUERQUE,NM,36.4,41.4,48.1,56,65.6,74.9,78.3,76.2,69.3,57.5,44.9,36.3,57.1,35.085334,-106.605553
CLAYTON,NM,35.4,37.5,44.2,52.4,61.5,70.4,74.7,73.3,65.8,54.8,43.6,34.8,54,36.451693,-103.184104
ROSWELL,NM,40.6,45.7,52.6,60.8,70.1,78.2,80.3,78.7,72,61.1,49.3,40.4,60.8,33.394266,-104.523024
ALBANY,NY,22.6,25.9,35,47.8,58.3,67.2,71.8,70.1,61.9,49.7,39.7,28.5,48.2,42.652579,-73.756232
BINGHAMTON,NY,22.2,24.7,32.8,45.1,55.8,64.4,68.7,67.4,59.6,48.5,38.3,27.3,46.2,42.098687,-75.917974
BUFFALO,NY,24.9,26.3,34,45.9,56.9,66.3,71.1,69.6,62.2,50.8,40.7,30.1,48.2,42.886447,-78.878369
ISLIP,NY,30.6,32.8,39.3,49.1,58.6,68.4,73.9,72.8,65.6,54.3,45.1,35.6,52.2,40.729821,-73.210393
NEW YORK,NY,32.6,35.3,42.5,53,62.4,71.4,76.5,75.2,68,56.9,47.7,37.5,54.9,40.712775,-74.005973
ROCHESTER,NY,24.7,26.4,34.3,46.3,57,66.2,70.8,69.3,61.8,50.6,40.5,30,48.2,43.16103,-77.610922
SYRACUSE,NY,23.6,25.9,34.2,46.9,57.6,66.7,71.3,69.8,62,50.6,40.6,29.4,48.2,43.048122,-76.147424
ASHEVILLE,NC,35.2,38.5,45,53.4,61.3,67.9,71.4,70.4,64.2,54.4,45.4,37,53.7,35.595058,-82.551487
CAPE HATTERAS,NC,45.5,46.8,51.6,59.5,67.1,75.1,79.1,78.5,74.5,65.8,57.6,49.3,62.5,35.24804,-75.539315
CHARLOTTE,NC,40.1,43.9,51.2,59.4,67.4,75.3,78.5,77.3,70.8,60.3,50.8,42.4,59.8,35.227087,-80.843127
GREENSBORO,NC,38.9,42.4,50,58.8,66.8,75.1,78.5,77.1,70.2,59.5,50.2,41.3,59.1,36.072635,-79.791975
RALEIGH,NC,41,44.5,51.6,60.2,68,76.4,80,78.5,71.9,61.2,52.2,43.5,60.8,35.77959,-78.638179
WILMINGTON,NC,46,48.9,55.1,62.9,70.4,77.8,81.1,79.7,74.6,65.2,56.7,48.6,63.9,34.225726,-77.94471
BISMARCK,ND,12.8,18.1,29.9,43.8,55.5,64.7,71.1,69.5,58.5,44.8,29.2,16.2,42.8,46.808327,-100.783739
FARGO,ND,9.3,14.6,27.8,44.2,57.1,66.2,71,69.3,59.1,45.5,28.8,14.1,42.3,46.877186,-96.789803
GRAND FORKS,ND,6.7,12,25.2,42,54.8,64,68.6,67.1,56.9,43.1,26.1,11.5,39.8,47.925257,-97.032855
WILLISTON,ND,11,16.9,29.3,43.4,54.1,63.2,70.1,68.9,56.7,43,27.1,13.9,41.5,48.146968,-103.617974
AKRON,OH,26.1,29,37.6,49.2,58.9,67.9,72,70.5,63.1,51.7,41.5,30.4,49.8,41.081445,-81.519005
CLEVELAND,OH,28.1,30.5,38.4,49.8,59.8,69.2,73.5,72,65,53.8,43.9,32.4,51.4,41.49932,-81.694361
COLUMBUS,OH,29.6,32.8,41.9,53.1,62.5,71.5,75.2,73.9,66.8,55,44.4,33.5,53.4,39.961176,-82.998794
DAYTON,OH,27.5,31,40.4,51.6,61.4,70.6,74.1,72.7,65.4,53.9,42.8,31.2,51.9,39.758948,-84.191607
MANSFIELD,OH,25.5,28.4,37.1,48.8,58.7,67.7,71.5,70,63,51.7,41.3,29.7,49.5,40.75839,-82.515447
TOLEDO,OH,25.5,28.3,37.6,49.4,59.8,69.5,73.5,71.5,64.1,52.3,41.4,29.7,50.2,41.663938,-83.555212
YOUNGSTOWN,OH,25.8,28.4,36.7,48.5,57.8,66.4,70.5,69.1,61.9,51,41.4,30.3,49,41.09978,-80.649519
OKLAHOMA CITY,OK,39.2,43.7,52.2,61,69.9,78,83,82.4,73.9,62.5,50.7,40.6,61.4,35.46756,-97.516428
TULSA,OK,37,41.8,50.6,59.8,68.5,76.9,81.8,81.7,72.9,61.1,49.7,38.6,60,36.153982,-95.992775
ASTORIA,OR,43.8,44.4,46.4,48.7,53,57,60.3,60.9,58.5,52.6,46.8,42.7,51.3,46.187884,-123.831253
BURNS,OR,24.8,28.8,37.3,43.2,51.2,58.4,66.6,64.8,55.9,44.7,33.3,24.2,44.4,43.586261,-119.054103
EUGENE,OR,40.7,42.9,46.7,50.2,55.3,60.4,66.8,66.9,61.9,52.7,44.9,39.7,52.4,44.052069,-123.086754
MEDFORD,OR,40.3,44.2,48.3,52.8,59.8,66.8,74.1,73.7,66.8,56,44.7,39.3,55.6,42.326515,-122.875595
PENDLETON,OR,35.3,38.5,45.1,50.7,57.8,64.9,72.6,71.8,63.4,51.9,41.3,33.2,52.2,45.672075,-118.788597
PORTLAND,OR,41.4,43.8,48.2,52.3,58.3,63.6,69.2,69.5,64.5,54.9,46.6,40.4,54.4,45.523062,-122.676482
SALEM,OR,41.2,43.1,46.9,50.4,56.2,61.6,67.6,67.6,62.6,53.2,45.5,40.1,53,44.942898,-123.035096
SEXTON SUMMIT,OR,37.8,38.5,39.7,43.7,50.2,56.4,63.8,64.5,59.8,50.6,40.8,37,48.6,42.601229,-123.383119
ALLENTOWN,PA,27.8,30.7,39.1,49.9,59.9,69.1,73.4,71.7,63.9,52.5,42.7,32.3,51.1,40.608431,-75.490183
ERIE,PA,27.2,28.3,35.7,47.1,57.4,67.1,71.7,70.5,63.8,53,43.3,32.4,49.8,42.129224,-80.085059
HARRISBURG,PA,29.9,32.9,41.7,52.2,62.1,71.5,75.9,74,65.9,54.4,44.1,33.9,53.2,40.273191,-76.886701
MIDDLETOWN,PA,29.9,32.9,41.7,52.2,62.1,71.5,75.9,74,65.9,54.4,44.1,33.9,53.2,40.199814,-76.731081
PHILADELPHIA,PA,33,35.7,43.5,54,63.9,73.3,78.1,76.6,69.1,57.5,47.6,37.5,55.8,39.952584,-75.165222
PITTSBURGH,PA,28.4,31.1,39.6,50.9,60.1,68.7,72.6,71.5,64.1,52.7,42.9,32.4,51.3,40.440625,-79.995886
WILLIAMSPORT,PA,26.8,29.7,38.2,49.9,59.7,68.6,72.7,71.1,63.3,51.7,41.6,31.2,50.4,41.24119,-77.001079
PROVIDENCE,RI,29.2,32,38.9,49.1,58.5,68,73.5,72.3,64.7,53.6,44.5,34.3,51.6,41.823989,-71.412834
CHARLESTON,SC,48.3,51.7,58.1,64.8,72.5,79,82.1,80.9,76,66.9,58.6,50.8,65.8,32.776475,-79.931051
COLUMBIA,SC,44.8,48.5,55.6,63.4,71.7,79.1,82.2,80.8,74.7,64.1,54.8,46.7,63.9,34.00071,-81.034814
GREENVILLE,SC,42.2,45.7,52.9,60.5,68.7,76.7,79.9,78.6,72,61.6,52.4,44,61.3,34.852618,-82.39401
ABERDEEN,SD,12,17.6,29.9,44.4,56.4,65.6,71.3,69,58.9,45.2,29.3,15.7,42.9,45.464699,-98.486483
HURON,SD,16.7,21.6,33.1,46.5,58.1,67.8,73.7,71.6,61.7,47.9,32.6,19.2,45.9,44.363317,-98.214257
RAPID CITY,SD,25,27.4,35.4,45,55,64.5,72.6,71.5,60.8,47.7,34.5,24.9,47,44.080543,-103.231015
SIOUX FALLS,SD,16.6,21.5,32.9,46.4,58,67.8,73,70.6,61.3,47.9,32.6,19.2,45.7,43.544596,-96.731103
BRISTOL,TN,35.2,39,46.7,55.2,63.5,71.5,74.6,73.8,67.1,56.3,46.6,37.8,55.6,36.595106,-82.188744
CHATTANOOGA,TN,40.5,44.4,52.2,60.5,68.6,76.5,80,79.4,72.5,61.5,51.2,42.6,60.8,35.04563,-85.30968
KNOXVILLE,TN,38.2,42.4,50.3,58.8,67.2,75,78.4,77.8,71.1,59.9,49.7,40.8,59.1,35.960638,-83.920739
MEMPHIS,TN,41.2,45.5,54,62.9,71.7,79.6,82.7,82,75.2,64.1,53.2,43.6,63,35.149534,-90.04898
NASHVILLE,TN,37.7,41.7,50,59,67.5,75.7,79.4,78.7,71.5,60.3,49.8,40.4,59.3,36.162664,-86.781602
OAK RIDGE,TN,37.5,41.6,49.6,58.3,66.6,74.3,77.9,77.3,70.6,59.5,48.7,39.7,58.5,36.010356,-84.269645
ABILENE,TX,44.9,48.6,56.4,64.6,73,79.5,83.1,82.8,75.5,65.8,54.6,45.3,64.5,32.448736,-99.733144
AMARILLO,TX,37,40.3,47.9,56.3,65.6,74.4,78.3,76.8,69.5,58.3,46.3,36.9,57.3,35.221997,-101.831297
AUSTIN,TX,51.5,55,61.7,69.2,76.6,82.2,85,85.8,80,71.2,61,52.5,69.3,30.267153,-97.743061
BROWNSVILLE,TX,61.1,64.2,69.3,74.8,80.3,83.9,84.9,85.3,81.8,76.3,69.4,62.2,74.5,25.901747,-97.497484
CORPUS CHRISTI,TX,57.1,60.5,66.1,72.4,78.3,82.4,83.9,84.7,81,74.6,66.1,58.5,72.1,27.800583,-97.396381
DALLAS,TX,45.9,49.9,57.6,65.5,73.9,81.3,85.3,85.6,78,67.5,56.6,47.1,66.2,32.776664,-96.796988
DEL RIO,TX,52.2,56.8,64.1,71.6,78.9,84,85.9,86.2,80.3,71.7,60.8,52.4,70.4,29.370886,-100.895867
EL PASO,TX,45.1,50.1,56.6,64.6,73.9,81.7,82.8,81.1,75.4,65.1,53.1,44.8,64.5,31.761878,-106.485022
GALVESTON,TX,55.2,57.6,63.4,70.1,77.6,82.9,84.5,85,81.6,74.3,65.1,57.3,71.2,29.301348,-94.797696
HOUSTON,TX,53.3,56.8,62.5,69,76.1,81.6,83,83.3,79,71.4,62.5,54.9,69.5,29.760427,-95.369803
LUBBOCK,TX,40.2,44.5,51.9,60.5,69.8,77.4,80.3,79,71.7,61.5,49.8,40.6,60.6,33.577863,-101.855166
MIDLAND,TX,43.9,48.5,55.6,64.2,73.6,80.3,82.1,81.2,74.5,64.8,52.9,44.4,63.8,31.997346,-102.077915
PORT ARTHUR,TX,52.7,55.9,62,68.6,75.9,81.2,83,83.1,79,70.6,61.7,54.3,69,29.88495,-93.939947
SAN ANGELO,TX,46.4,50.3,57.8,66,74.5,80.4,83.1,82.7,75.6,66.2,55.3,46.7,65.4,31.463772,-100.437037
SAN ANTONIO,TX,52.4,56.3,63,70.1,77.4,82.6,84.3,85.8,79.8,71.5,61.4,52.9,69.8,29.424122,-98.493628
VICTORIA,TX,53.9,57.3,63.4,69.9,76.9,82,83.9,84.3,79.8,72.2,63,55.2,70.2,28.805267,-97.003598
WACO,TX,47.2,50.8,58.2,66.1,74.4,81.2,85.2,85.3,78.1,68.3,57.5,48.3,66.7,31.549333,-97.14667
WICHITA FALLS,TX,42,45.9,54.1,62.6,71.6,79.5,84.4,84,75.7,64.5,52.7,42.8,63.3,33.913709,-98.493387
MILFORD,UT,27.9,33.1,41.5,48.6,57.4,66.9,74.4,72.9,63.2,50.8,37.8,27.8,50.2,38.396911,-113.010789
SALT LAKE CITY,UT,29.5,34.2,43.6,50.6,59.8,69.7,78.7,77,66.1,53,40,30.3,52.7,40.760779,-111.891047
BURLINGTON,VT,18.7,21.5,31,44.8,56.3,65.8,70.6,68.8,60.5,48.1,38.2,25.8,45.8,44.475883,-73.212072
LYNCHBURG,VA,35.1,38.2,45.9,55.4,63.1,71.6,75.3,74.1,67,56.2,46.8,37.6,55.5,37.413754,-79.142246
NORFOLK,VA,40.4,42.6,49.4,58.2,66.6,75.3,79.6,77.9,72.3,62.1,52.9,44.1,60.1,36.850769,-76.285873
RICHMOND,VA,37.9,40.9,48.6,58.2,66.4,75.3,79.3,77.5,70.6,59.7,50.4,41,58.8,37.540725,-77.436048
ROANOKE,VA,36.6,39.6,47.3,56.7,64.6,72.9,76.7,75.4,68.1,57.7,48.1,39,56.9,37.27097,-79.941427
OLYMPIA,WA,39.8,41,44.5,48.3,54.2,59.1,63.8,64.1,58.9,50.3,43.3,38.4,50.5,47.037874,-122.900695
QUILLAYUTE,WA,41.6,42.1,44.1,46.7,51.3,55.3,58.9,59.6,56.6,50,44.2,40.4,49.2,47.94313,-124.542435
SEATTLE,WA,43,44.3,47.6,51.4,57.3,62,66.2,66.6,61.9,53.7,46.5,41.4,53.5,47.60621,-122.332071
SPOKANE,WA,29.5,33,40.2,47,55.1,62.1,69.8,69.3,60.2,47.6,35.7,27.4,48.1,47.65878,-117.426046
WALLA WALLA,WA,35.5,39.1,46.3,52.2,59.4,66.5,75,74.2,65.2,53.3,41.8,33.4,53.5,46.064581,-118.343021
YAKIMA,WA,31,36.1,43.2,49.1,57.1,63.9,70.6,69.3,60.8,49,37.3,28.5,49.7,46.602071,-120.505899
BECKLEY,WV,31.1,34.4,42.1,52.1,59.8,67.4,70.6,69.7,63.2,53.2,43.9,34.2,51.8,37.77817,-81.188156
CHARLESTON,WV,34.4,37.7,45.8,56.1,63.7,71.9,75.4,74.3,67.3,56.5,47,37.4,55.6,38.34982,-81.632623
ELKINS,WV,29.2,32.2,39.8,49.7,58.1,66.3,70,69.1,62.2,51.2,41.9,32.5,50.2,38.92594,-79.846735
HUNTINGTON,WV,33.7,37.2,45.9,56.2,64,72.1,75.7,74.8,67.6,56.6,46.8,37,55.6,38.41925,-82.445154
GREEN BAY,WI,16.6,20.3,30.8,43.9,55,64.7,69.1,67.3,59.2,47.1,34.6,21.5,44.2,44.519159,-88.019826
LA CROSSE,WI,17.4,22.5,34.5,48.6,59.7,69.2,73.7,71.4,62.8,50.2,35.9,21.6,47.3,43.801356,-91.239581
MADISON,WI,18.8,23.1,34,46.6,57.3,67,71.3,69.2,61,48.9,36.2,23,46.4,43.073052,-89.40123
MILWAUKEE,WI,22.3,25.9,35,45.6,55.7,66.2,71.8,70.7,63.1,51.3,39,26.5,47.8,43.038903,-87.906474
CASPER,WY,24.7,26.7,35.2,42.7,52.2,62.2,70.5,69,57.9,45.2,33.2,23.8,45.3,42.866632,-106.313081
CHEYENNE,WY,28.8,29.6,35.9,42.8,52.4,62.1,69.4,67.6,58.2,46.3,35.3,27.7,46.3,41.139981,-104.820246
LANDER,WY,23,25,34.9,42.9,52.7,62.2,70.4,69,59,45.6,32.8,23.1,45.1,42.833014,-108.730672
SHERIDAN,WY,23.8,26.6,35.2,43.6,52.5,61.6,70,69,57.9,45.5,32.7,22.9,45.1,44.797194,-106.956179
